<?xml version="1.0" encoding="UTF-8"?>
<assignment identifier="g779e9ce7744b383318af4d61dc7ab065" xmlns="http://www.imsglobal.org/xsd/imscc_extensions/assignment" xmlns:xsi="http://www.w3.org/2001/XMLSchema-instance" xsi:schemaLocation="http://www.imsglobal.org/xsd/imscc_extensions/assignment http://www.imsglobal.org/profile/cc/cc_extensions/cc_extresource_assignmentv1p0_v1p0.xsd">
  <title>M03 Submit Data Conversation Assignment</title>
  <text texttype="text/html">&lt;h2&gt;&lt;strong&gt;Assignment Requirements&lt;/strong&gt;&lt;/h2&gt;
&lt;ul&gt;
&lt;li&gt;The submission page has the grading rubric&lt;/li&gt;
&lt;li&gt;Assignment Type: Written assignment, worksheet &lt;/li&gt;
&lt;li&gt;Due May 3 at 11:59pm&lt;/li&gt;
&lt;/ul&gt;</text>
  <gradable points_possible="20.0">true</gradable>
  <submission_formats>
    <format type="file"/>
  </submission_formats>
  <extensions>
    <assignment identifier="g779e9ce7744b383318af4d61dc7ab065_canvas" xmlns="http://canvas.instructure.com/xsd/cccv1p0" xmlns:xsi="http://www.w3.org/2001/XMLSchema-instance" xsi:schemaLocation="http://canvas.instructure.com/xsd/cccv1p0 https://canvas.instructure.com/xsd/cccv1p0.xsd">
      <title>M03 Submit Data Conversation Assignment</title>
      <due_at>2020-05-04T06:59:59</due_at>
      <lock_at>2020-05-11T06:59:59</lock_at>
      <unlock_at>2020-04-27T07:00:00</unlock_at>
      <module_locked>false</module_locked>
      <all_day_date>2020-05-03</all_day_date>
      <assignment_group_identifierref>g6560f172e953fb4b3e0f2bda74ce5fd9</assignment_group_identifierref>
      <workflow_state>published</workflow_state>
      <rubric_identifierref>gf0e657dd9ba8164bda2ab1bc96e756af</rubric_identifierref>
      <rubric_use_for_grading>true</rubric_use_for_grading>
      <rubric_hide_points>false</rubric_hide_points>
      <rubric_hide_outcome_results>false</rubric_hide_outcome_results>
      <rubric_hide_score_total>false</rubric_hide_score_total>
      <assignment_overrides>
      </assignment_overrides>
      <allowed_extensions></allowed_extensions>
      <has_group_category>false</has_group_category>
      <points_possible>20.0</points_possible>
      <grading_type>points</grading_type>
      <all_day>true</all_day>
      <submission_types>online_upload</submission_types>
      <position>7</position>
      <turnitin_enabled>false</turnitin_enabled>
      <vericite_enabled>false</vericite_enabled>
      <peer_review_count>0</peer_review_count>
      <peer_reviews>false</peer_reviews>
      <automatic_peer_reviews>false</automatic_peer_reviews>
      <anonymous_peer_reviews>false</anonymous_peer_reviews>
      <grade_group_students_individually>false</grade_group_students_individually>
      <freeze_on_copy>false</freeze_on_copy>
      <omit_from_final_grade>false</omit_from_final_grade>
      <intra_group_peer_reviews>false</intra_group_peer_reviews>
      <only_visible_to_overrides>false</only_visible_to_overrides>
      <post_to_sis>false</post_to_sis>
      <moderated_grading>false</moderated_grading>
      <grader_count>0</grader_count>
      <grader_comments_visible_to_graders>true</grader_comments_visible_to_graders>
      <anonymous_grading>false</anonymous_grading>
      <graders_anonymous_to_graders>false</graders_anonymous_to_graders>
      <grader_names_visible_to_final_grader>true</grader_names_visible_to_final_grader>
      <anonymous_instructor_annotations>false</anonymous_instructor_annotations>
      <allowed_attempts>-1</allowed_attempts>
      <post_policy>
        <post_manually>false</post_manually>
      </post_policy>
    </assignment>
  </extensions>
</assignment>
