<?xml version="1.0" encoding="UTF-8"?>
<course identifier="g7abfceafc7d716fa339b6000aeed2583" xmlns="http://canvas.instructure.com/xsd/cccv1p0" xmlns:xsi="http://www.w3.org/2001/XMLSchema-instance" xsi:schemaLocation="http://canvas.instructure.com/xsd/cccv1p0 https://canvas.instructure.com/xsd/cccv1p0.xsd">
  <title>CCCNB-039 Data Coach - Spring 2020</title>
  <course_code>CCCNB-039 Data Coach - Spring 2020</course_code>
  <start_at>2020-03-30T15:00:00</start_at>
  <conclude_at>2020-04-27T05:00:00</conclude_at>
  <tab_configuration>[{"id":0},{"id":14},{"id":1},{"id":10},{"id":8},{"id":5},{"id":"context_external_tool_g27777a2ff4b4cfc9c83c0c8706657391"},{"id":"context_external_tool_gfa6ef8298e45ba33edcf1b4b047286df","hidden":true},{"id":"context_external_tool_g4bd818a16b77153bad0d136a10164a46","hidden":true},{"id":"context_external_tool_g027a4bbc3b68be82da42e4a15b268fcc","hidden":true},{"id":16,"hidden":true},{"id":12,"hidden":true},{"id":6,"hidden":true},{"id":15,"hidden":true},{"id":3,"hidden":true},{"id":2,"hidden":true},{"id":11,"hidden":true},{"id":4,"hidden":true},{"id":"context_external_tool_g0d2960bc07356de317c6766f59ce3514","hidden":true},{"id":"context_external_tool_g9823b2c14b770880bf1df0499fd21ca0","hidden":true},{"id":"context_external_tool_g5d106079ebd6d638b79d644ac6512c9e","hidden":true},{"id":"context_external_tool_gf81a2d08f3406f2c0feee3f80c35b286","hidden":true},{"id":"context_external_tool_gdb4b31cc582cdccc1e0d8d37c236701d","hidden":true},{"id":"context_external_tool_gb500af0631d70f9529ab6a7768d6059d","hidden":true},{"id":"context_external_tool_gcada2a769fe29c863faf3217e94e9ac5","hidden":true},{"id":"context_external_tool_g7c10c0c464ee78f94d68593f28adc234","hidden":true},{"id":"context_external_tool_g0cf03002562b3c2545c28259e9096f84","hidden":true},{"id":"context_external_tool_gf0f1539c058e80e8009bdeffe13974bf","hidden":true},{"id":"context_external_tool_g319c034b0b8652afa66601e002a1ca2a","hidden":true},{"id":"context_external_tool_g1c0d4b8d54684be0d93b912b15719373","hidden":true}]</tab_configuration>
  <image_identifier_ref>gbbd09d08b241f283b222f6540837c776</image_identifier_ref>
  <is_public>false</is_public>
  <is_public_to_auth_users>false</is_public_to_auth_users>
  <public_syllabus>false</public_syllabus>
  <public_syllabus_to_auth>false</public_syllabus_to_auth>
  <allow_student_wiki_edits>false</allow_student_wiki_edits>
  <allow_student_forum_attachments>true</allow_student_forum_attachments>
  <lock_all_announcements>false</lock_all_announcements>
  <default_wiki_editing_roles>teachers</default_wiki_editing_roles>
  <allow_student_organized_groups>true</allow_student_organized_groups>
  <default_view>modules</default_view>
  <open_enrollment>false</open_enrollment>
  <filter_speed_grader_by_student_group>false</filter_speed_grader_by_student_group>
  <self_enrollment>true</self_enrollment>
  <license>private</license>
  <indexed>false</indexed>
  <hide_final_grade>false</hide_final_grade>
  <hide_distribution_graphs>false</hide_distribution_graphs>
  <allow_student_discussion_topics>true</allow_student_discussion_topics>
  <allow_student_discussion_editing>true</allow_student_discussion_editing>
  <show_announcements_on_home_page>false</show_announcements_on_home_page>
  <home_page_announcement_limit>3</home_page_announcement_limit>
  <usage_rights_required>false</usage_rights_required>
  <restrict_student_future_view>false</restrict_student_future_view>
  <restrict_student_past_view>false</restrict_student_past_view>
  <restrict_enrollments_to_course_dates>false</restrict_enrollments_to_course_dates>
  <grading_standard_enabled>false</grading_standard_enabled>
  <storage_quota>524288000</storage_quota>
  <overridden_course_visibility></overridden_course_visibility>
  <root_account_uuid>utZsg2iPihECZHZQpyo3Lq84rL728eIOjh5lwMGL</root_account_uuid>
  <default_post_policy>
    <post_manually>false</post_manually>
  </default_post_policy>
</course>
