<?xml version="1.0" encoding="UTF-8"?>
<learningOutcomes xmlns="http://canvas.instructure.com/xsd/cccv1p0" xmlns:xsi="http://www.w3.org/2001/XMLSchema-instance" xsi:schemaLocation="http://canvas.instructure.com/xsd/cccv1p0 https://canvas.instructure.com/xsd/cccv1p0.xsd">
  <learningOutcome identifier="gae292684c27d6054b05c5d8059592122">
    <title>Learning Outcome 1</title>
    <description>&lt;p&gt;Describe the fundamentals of data analytics&lt;/p&gt;</description>
    <calculation_method>highest</calculation_method>
    <alignments>
      <alignment>
        <content_type>Assignment</content_type>
        <content_id>gce59c600bf8fd9986e9f01763149616b</content_id>
        <mastery_type>explicit_mastery</mastery_type>
        <mastery_score/>
        <position/>
      </alignment>
      <alignment>
        <content_type>Rubric</content_type>
        <content_id>gee3b5dbb650e3d55af8162774bbae4b7</content_id>
        <mastery_type>explicit_mastery</mastery_type>
        <mastery_score/>
        <position/>
      </alignment>
      <alignment>
        <content_type>Rubric</content_type>
        <content_id>g73d008af4a7b33f9a5de7cfe63d158fd</content_id>
        <mastery_type>explicit_mastery</mastery_type>
        <mastery_score/>
        <position/>
      </alignment>
      <alignment>
        <content_type>Assignment</content_type>
        <content_id>g7a8ba7a6553adc9ef7127c65716be381</content_id>
        <mastery_type>explicit_mastery</mastery_type>
        <mastery_score/>
        <position/>
      </alignment>
    </alignments>
    <points_possible>5.0</points_possible>
    <mastery_points>3.0</mastery_points>
    <ratings>
      <rating>
        <description>Exceeds Expectations</description>
        <points>5.0</points>
      </rating>
      <rating>
        <description>Meets Expectations</description>
        <points>3.0</points>
      </rating>
      <rating>
        <description>Does Not Meet Expectations</description>
        <points>0.0</points>
      </rating>
    </ratings>
  </learningOutcome>
  <learningOutcome identifier="g40ce79bd78e02e131a0c0c0844eced25">
    <title>Learning Outcome 2</title>
    <description>&lt;p&gt;Explain how data is collected and analyzed&lt;/p&gt;</description>
    <calculation_method>highest</calculation_method>
    <alignments>
      <alignment>
        <content_type>Rubric</content_type>
        <content_id>gff3c4c7620e37222fcf6d94424bbb007</content_id>
        <mastery_type>explicit_mastery</mastery_type>
        <mastery_score/>
        <position/>
      </alignment>
      <alignment>
        <content_type>Assignment</content_type>
        <content_id>g063f3aedfc85724bc8531b866be8d7de</content_id>
        <mastery_type>explicit_mastery</mastery_type>
        <mastery_score/>
        <position/>
      </alignment>
      <alignment>
        <content_type>Rubric</content_type>
        <content_id>gf125c2d00209886397c8fa18f4cd39d8</content_id>
        <mastery_type>explicit_mastery</mastery_type>
        <mastery_score/>
        <position/>
      </alignment>
      <alignment>
        <content_type>Assignment</content_type>
        <content_id>gba1aec712a1926593f565494a6553bad</content_id>
        <mastery_type>explicit_mastery</mastery_type>
        <mastery_score/>
        <position/>
      </alignment>
    </alignments>
    <points_possible>5.0</points_possible>
    <mastery_points>3.0</mastery_points>
    <ratings>
      <rating>
        <description>Exceeds Expectations</description>
        <points>5.0</points>
      </rating>
      <rating>
        <description>Meets Expectations</description>
        <points>3.0</points>
      </rating>
      <rating>
        <description>Does Not Meet Expectations</description>
        <points>0.0</points>
      </rating>
    </ratings>
  </learningOutcome>
  <learningOutcome identifier="g9b6c6956eb3cf31d8dc39744c05d2226">
    <title>Learning Outcome 3</title>
    <description>&lt;p&gt;Demonstrate the ways data can be presented and shared&lt;/p&gt;</description>
    <calculation_method>highest</calculation_method>
    <alignments>
      <alignment>
        <content_type>Assignment</content_type>
        <content_id>gb067e2f2b4b2bd5b69e2650e914f39c8</content_id>
        <mastery_type>explicit_mastery</mastery_type>
        <mastery_score/>
        <position/>
      </alignment>
      <alignment>
        <content_type>Rubric</content_type>
        <content_id>gf0e657dd9ba8164bda2ab1bc96e756af</content_id>
        <mastery_type>explicit_mastery</mastery_type>
        <mastery_score/>
        <position/>
      </alignment>
      <alignment>
        <content_type>Rubric</content_type>
        <content_id>g67d2154bb270a9e0c4be7ff8e158834e</content_id>
        <mastery_type>explicit_mastery</mastery_type>
        <mastery_score/>
        <position/>
      </alignment>
      <alignment>
        <content_type>Assignment</content_type>
        <content_id>g779e9ce7744b383318af4d61dc7ab065</content_id>
        <mastery_type>explicit_mastery</mastery_type>
        <mastery_score/>
        <position/>
      </alignment>
    </alignments>
    <points_possible>5.0</points_possible>
    <mastery_points>3.0</mastery_points>
    <ratings>
      <rating>
        <description>Exceeds Expectations</description>
        <points>5.0</points>
      </rating>
      <rating>
        <description>Meets Expectations</description>
        <points>3.0</points>
      </rating>
      <rating>
        <description>Does Not Meet Expectations</description>
        <points>0.0</points>
      </rating>
    </ratings>
  </learningOutcome>
  <learningOutcome identifier="g5f60691848bdc558a122f0019dbbef06">
    <title>Learning Outcome 4</title>
    <description>&lt;p&gt;Understand the expectations of a data coach&lt;/p&gt;</description>
    <calculation_method>highest</calculation_method>
    <alignments>
      <alignment>
        <content_type>Assignment</content_type>
        <content_id>g0d4cefbce87111b3a3b9b75c8126839c</content_id>
        <mastery_type>explicit_mastery</mastery_type>
        <mastery_score/>
        <position/>
      </alignment>
      <alignment>
        <content_type>Rubric</content_type>
        <content_id>g93e56173cce6465ae71eef6c22325d44</content_id>
        <mastery_type>explicit_mastery</mastery_type>
        <mastery_score/>
        <position/>
      </alignment>
    </alignments>
    <points_possible>5.0</points_possible>
    <mastery_points>3.0</mastery_points>
    <ratings>
      <rating>
        <description>Exceeds Expectations</description>
        <points>5.0</points>
      </rating>
      <rating>
        <description>Meets Expectations</description>
        <points>3.0</points>
      </rating>
      <rating>
        <description>Does Not Meet Expectations</description>
        <points>0.0</points>
      </rating>
    </ratings>
  </learningOutcome>
</learningOutcomes>
