<?xml version="1.0" encoding="UTF-8"?>
<modules xmlns="http://canvas.instructure.com/xsd/cccv1p0" xmlns:xsi="http://www.w3.org/2001/XMLSchema-instance" xsi:schemaLocation="http://canvas.instructure.com/xsd/cccv1p0 https://canvas.instructure.com/xsd/cccv1p0.xsd">
  <module identifier="gaa566f84829ba3def7b1333ca74ddb56">
    <title>Course Orientation</title>
    <workflow_state>active</workflow_state>
    <position>1</position>
    <unlock_at>2019-05-14T07:00:00</unlock_at>
    <require_sequential_progress>false</require_sequential_progress>
    <locked>false</locked>
    <items>
      <item identifier="g81ba42599ff183f4b74a00efb17735f9">
        <content_type>WikiPage</content_type>
        <workflow_state>active</workflow_state>
        <title>Welcome</title>
        <identifierref>gd2e0766646bbe83eb68b83782d41c8f1</identifierref>
        <position>1</position>
        <new_tab>false</new_tab>
        <indent>1</indent>
      </item>
      <item identifier="g8ab5c76a55ee3a01ac25f37939ce2a0c">
        <content_type>WikiPage</content_type>
        <workflow_state>active</workflow_state>
        <title>About the Course</title>
        <identifierref>g3b2c4aa2a51d110b445262c9c6097fca</identifierref>
        <position>2</position>
        <new_tab>false</new_tab>
        <indent>1</indent>
      </item>
      <item identifier="ga204ab49bc516728e7f74477d35dc0e5">
        <content_type>WikiPage</content_type>
        <workflow_state>active</workflow_state>
        <title>Learning Outcomes</title>
        <identifierref>gcb73a7bca7144d9502eb16d1f49be911</identifierref>
        <position>3</position>
        <new_tab>false</new_tab>
        <indent>1</indent>
      </item>
      <item identifier="g74e70fbb5e2dadd271a4ea31499213ff">
        <content_type>WikiPage</content_type>
        <workflow_state>active</workflow_state>
        <title>Course Work and Grading</title>
        <identifierref>ge3046e8e13927cd91bd25e96976341f2</identifierref>
        <position>4</position>
        <new_tab>false</new_tab>
        <indent>1</indent>
      </item>
      <item identifier="gd016c0900435fae305e2aa8c496b1e52">
        <content_type>WikiPage</content_type>
        <workflow_state>active</workflow_state>
        <title>Course Expectations</title>
        <identifierref>g7695d8c7b235be15ce0989d3296b068f</identifierref>
        <position>5</position>
        <new_tab>false</new_tab>
        <indent>1</indent>
      </item>
      <item identifier="g562e3e0876b5ac95b0592f3fb6d1cdb1">
        <content_type>WikiPage</content_type>
        <workflow_state>active</workflow_state>
        <title>Course Policies</title>
        <identifierref>g3132ebcd8f4b377e2e1185ae9ce1e38a</identifierref>
        <position>6</position>
        <new_tab>false</new_tab>
        <indent>1</indent>
      </item>
      <item identifier="g5938f06088639ed67bab8317720f4a86">
        <content_type>WikiPage</content_type>
        <workflow_state>active</workflow_state>
        <title>Discussion Netiquette and Tips</title>
        <identifierref>g4be49ca0878e668b14be1d732ab74587</identifierref>
        <position>7</position>
        <new_tab>false</new_tab>
        <indent>1</indent>
      </item>
      <item identifier="g6b8eed73219abd36fde3d2ba2491a1d9">
        <content_type>WikiPage</content_type>
        <workflow_state>active</workflow_state>
        <title>Online Training Readiness Tutorials</title>
        <identifierref>gac5569d8135bd0f25e8cbea224d55cde</identifierref>
        <position>8</position>
        <new_tab>false</new_tab>
        <indent>1</indent>
      </item>
      <item identifier="gee69b0539156bb1a0f12b5d185edcabf">
        <content_type>WikiPage</content_type>
        <workflow_state>active</workflow_state>
        <title>Course and Library Resources</title>
        <identifierref>gd3e802018ba5672aa2f923d21b8a7d7e</identifierref>
        <position>9</position>
        <new_tab>false</new_tab>
        <indent>1</indent>
      </item>
      <item identifier="g403213453413235372ece4247f2344b3">
        <content_type>WikiPage</content_type>
        <workflow_state>active</workflow_state>
        <title>Communication</title>
        <identifierref>ge1a981cf6fce40780dfaaff7d88b02a0</identifierref>
        <position>10</position>
        <new_tab>false</new_tab>
        <indent>1</indent>
      </item>
      <item identifier="g1b2ce53270f564d491a923d60a8fd8d8">
        <content_type>WikiPage</content_type>
        <workflow_state>active</workflow_state>
        <title>About Your Instructor </title>
        <identifierref>g938ec44ac90bb29fa6408dc845f07b80</identifierref>
        <position>11</position>
        <new_tab>false</new_tab>
        <indent>1</indent>
      </item>
      <item identifier="g9c0b49401cfb1a06d92a78ffeeb673bf">
        <content_type>DiscussionTopic</content_type>
        <workflow_state>active</workflow_state>
        <title>Introduce Yourself</title>
        <identifierref>ga7a9113b928b79a96b9c957057b4be4f</identifierref>
        <position>12</position>
        <new_tab>false</new_tab>
        <indent>1</indent>
      </item>
    </items>
  </module>
  <module identifier="g6d288f24dfaed4146ae5651d382549ea">
    <title>Module 1: Introduction to Data Analytics</title>
    <workflow_state>active</workflow_state>
    <position>2</position>
    <unlock_at>2019-05-27T07:00:00</unlock_at>
    <require_sequential_progress>false</require_sequential_progress>
    <locked>false</locked>
    <items>
      <item identifier="g25303e6ba6814c73665361777a94f50e">
        <content_type>WikiPage</content_type>
        <workflow_state>active</workflow_state>
        <title>M01 Overview, Objectives, and Activity List</title>
        <identifierref>g9b75a4f700a763c9c1472f44d85f2ed7</identifierref>
        <position>1</position>
        <new_tab>false</new_tab>
        <indent>1</indent>
      </item>
      <item identifier="g0c320e41d0a2b959d3a2c43edc20a547">
        <content_type>WikiPage</content_type>
        <workflow_state>active</workflow_state>
        <title>M01 Learning Resources</title>
        <identifierref>g8661b311c18dd4adb30af274e4d6ceb3</identifierref>
        <position>2</position>
        <new_tab>false</new_tab>
        <indent>1</indent>
      </item>
      <item identifier="g359b4cc50f5bb67b9d657cc93d029224">
        <content_type>Quizzes::Quiz</content_type>
        <workflow_state>active</workflow_state>
        <title>M01 Quiz</title>
        <identifierref>g5edb1010257107ca55ced8a4cdfd0c8f</identifierref>
        <position>4</position>
        <new_tab>false</new_tab>
        <indent>1</indent>
      </item>
      <item identifier="g709fd9780b801e6fc1b6676051ec91b2">
        <content_type>DiscussionTopic</content_type>
        <workflow_state>active</workflow_state>
        <title>M01 Discussion</title>
        <identifierref>gaf824a317177b3e00b34e4b39daf07e8</identifierref>
        <position>5</position>
        <new_tab>false</new_tab>
        <indent>1</indent>
      </item>
    </items>
  </module>
  <module identifier="gcde115fb7ae351359c19761875cc1df3">
    <title>Module 2: Data Wrangling and Analysis</title>
    <workflow_state>active</workflow_state>
    <position>3</position>
    <unlock_at>2020-04-06T07:00:00</unlock_at>
    <require_sequential_progress>false</require_sequential_progress>
    <locked>false</locked>
    <items>
      <item identifier="gd7d41edc364252019c6b028b06d30c07">
        <content_type>WikiPage</content_type>
        <workflow_state>active</workflow_state>
        <title>M02 Overview, Objectives, and Activity List</title>
        <identifierref>g86e8db213f2d050f79be6bc8b3a04849</identifierref>
        <position>1</position>
        <new_tab>false</new_tab>
        <indent>1</indent>
      </item>
      <item identifier="gd56574e55b646e0807b4a5b9456d8f64">
        <content_type>WikiPage</content_type>
        <workflow_state>active</workflow_state>
        <title>M02 Learning Resources</title>
        <identifierref>g2068209912689bee8f21fddf50a62f5c</identifierref>
        <position>2</position>
        <new_tab>false</new_tab>
        <indent>1</indent>
      </item>
      <item identifier="g474d331b6bb05aa291b6f1d0d054f24c">
        <content_type>Quizzes::Quiz</content_type>
        <workflow_state>active</workflow_state>
        <title>M02 Quiz</title>
        <identifierref>gb0a79610f37343681dd3f3dfa375fda4</identifierref>
        <position>4</position>
        <new_tab>false</new_tab>
        <indent>1</indent>
      </item>
      <item identifier="g0945908ba4ffa69b56cef73d8cdc20c6">
        <content_type>DiscussionTopic</content_type>
        <workflow_state>active</workflow_state>
        <title>M02 Discussion</title>
        <identifierref>g7f33123b12c54b7f8cc78ec68ed75d9b</identifierref>
        <position>5</position>
        <new_tab>false</new_tab>
        <indent>1</indent>
      </item>
      <item identifier="g8f5b99bd6b711f292ae574e7e116f65f">
        <content_type>WikiPage</content_type>
        <workflow_state>active</workflow_state>
        <title>M02 Analysis Assignment</title>
        <identifierref>g6ab68930c7da86a73014b44c7aa9c026</identifierref>
        <position>6</position>
        <new_tab>false</new_tab>
        <indent>1</indent>
      </item>
      <item identifier="gdd9ee9bfee53341664025b5b0d492a3c">
        <content_type>Assignment</content_type>
        <workflow_state>active</workflow_state>
        <title>M02 Submit Analysis Assignment</title>
        <identifierref>gba1aec712a1926593f565494a6553bad</identifierref>
        <position>7</position>
        <new_tab>false</new_tab>
        <indent>2</indent>
      </item>
    </items>
  </module>
  <module identifier="g99fb30910ba08534595bda968f40bae2">
    <title>Module 3: Data Storytelling</title>
    <workflow_state>active</workflow_state>
    <position>4</position>
    <unlock_at>2020-04-13T07:00:00</unlock_at>
    <require_sequential_progress>false</require_sequential_progress>
    <locked>false</locked>
    <items>
      <item identifier="gc9bbd7a90a9644c242ce88a9b6bc03f3">
        <content_type>WikiPage</content_type>
        <workflow_state>active</workflow_state>
        <title>M03 Overview, Objectives, and Activity List</title>
        <identifierref>g3af9d6aeb63681008c21b7fe0007f773</identifierref>
        <position>1</position>
        <new_tab>false</new_tab>
        <indent>1</indent>
      </item>
      <item identifier="g5e40e625d7278e125aa891a04c41f170">
        <content_type>WikiPage</content_type>
        <workflow_state>active</workflow_state>
        <title>M03 Learning Resources</title>
        <identifierref>gf7eef3e1d4979c501952d0d20a2a20b4</identifierref>
        <position>2</position>
        <new_tab>false</new_tab>
        <indent>1</indent>
      </item>
      <item identifier="gc1b9812e1d1fe0e4356639b61958f101">
        <content_type>Quizzes::Quiz</content_type>
        <workflow_state>active</workflow_state>
        <title>M03 Quiz</title>
        <identifierref>g8a0059aefb4c4581bb2ef4b71a65b91d</identifierref>
        <position>3</position>
        <new_tab>false</new_tab>
        <indent>1</indent>
      </item>
      <item identifier="g33397282448afe0287803df172bfe2bd">
        <content_type>DiscussionTopic</content_type>
        <workflow_state>active</workflow_state>
        <title>M03 Discussion</title>
        <identifierref>g71ef837406da222261a9eb96f3ead0b1</identifierref>
        <position>4</position>
        <new_tab>false</new_tab>
        <indent>1</indent>
      </item>
      <item identifier="g2f4f61182d7c17186ac970fb10e9997f">
        <content_type>WikiPage</content_type>
        <workflow_state>active</workflow_state>
        <title>M03 Data Conversation Assignment</title>
        <identifierref>g438df128cb1777b27f9b44f05acb7431</identifierref>
        <position>5</position>
        <new_tab>false</new_tab>
        <indent>1</indent>
      </item>
      <item identifier="gf334c278390fed931afb2cbfa74186d3">
        <content_type>Assignment</content_type>
        <workflow_state>active</workflow_state>
        <title>M03 Submit Data Conversation Assignment</title>
        <identifierref>g779e9ce7744b383318af4d61dc7ab065</identifierref>
        <position>6</position>
        <new_tab>false</new_tab>
        <indent>2</indent>
      </item>
    </items>
  </module>
  <module identifier="gc300e0e44f447b4a0ea929c902691ec7">
    <title>Module 4: Role of a Data Coach</title>
    <workflow_state>active</workflow_state>
    <position>5</position>
    <unlock_at>2020-04-20T07:00:00</unlock_at>
    <require_sequential_progress>false</require_sequential_progress>
    <locked>false</locked>
    <items>
      <item identifier="gc436932fd784a02300fe7acad8ebae63">
        <content_type>WikiPage</content_type>
        <workflow_state>active</workflow_state>
        <title>M04 Overview, Objectives, and Activity List</title>
        <identifierref>g02dcd59b97d98ed497f034f4220eb128</identifierref>
        <position>1</position>
        <new_tab>false</new_tab>
        <indent>1</indent>
      </item>
      <item identifier="g42d74bbfa2f3ace48182a8b829f47383">
        <content_type>WikiPage</content_type>
        <workflow_state>active</workflow_state>
        <title>M04 Learning Resources</title>
        <identifierref>g751b57594a572d732f7206f57e070add</identifierref>
        <position>2</position>
        <new_tab>false</new_tab>
        <indent>1</indent>
      </item>
      <item identifier="g3f05cd5be688555e0b06e88fcaf89f0d">
        <content_type>Quizzes::Quiz</content_type>
        <workflow_state>active</workflow_state>
        <title>M04 Quiz</title>
        <identifierref>g75df3c6f52526e5201b462ea59672014</identifierref>
        <position>3</position>
        <new_tab>false</new_tab>
        <indent>1</indent>
      </item>
      <item identifier="g386ab0848b596a9996c2a34ba9e621fb">
        <content_type>DiscussionTopic</content_type>
        <workflow_state>active</workflow_state>
        <title>M04 Discussion</title>
        <identifierref>g5f1fb8e76f4c1e3449ff6d7522b98bd2</identifierref>
        <position>4</position>
        <new_tab>false</new_tab>
        <indent>1</indent>
      </item>
      <item identifier="gda0a47b09dcab87968935679fbd8e8e8">
        <content_type>WikiPage</content_type>
        <workflow_state>active</workflow_state>
        <title>Data Coach Capstone Project</title>
        <identifierref>g2e1bde66e3c21e3e88340a6806bcecf2</identifierref>
        <position>5</position>
        <new_tab>false</new_tab>
        <indent>1</indent>
      </item>
      <item identifier="g43a5be1fc6a2732872c911c29d36a17a">
        <content_type>Assignment</content_type>
        <workflow_state>active</workflow_state>
        <title>M04 Submit Data Coach Capstone Project</title>
        <identifierref>g7a8ba7a6553adc9ef7127c65716be381</identifierref>
        <position>6</position>
        <new_tab>false</new_tab>
        <indent>2</indent>
      </item>
    </items>
  </module>
</modules>
