<?xml version="1.0" encoding="UTF-8"?>
<rubrics xmlns="http://canvas.instructure.com/xsd/cccv1p0" xmlns:xsi="http://www.w3.org/2001/XMLSchema-instance" xsi:schemaLocation="http://canvas.instructure.com/xsd/cccv1p0 https://canvas.instructure.com/xsd/cccv1p0.xsd">
  <rubric identifier="gee3b5dbb650e3d55af8162774bbae4b7">
    <read_only>false</read_only>
    <title>Data Coach Capstone Assignment</title>
    <reusable>false</reusable>
    <public>false</public>
    <points_possible>50.0</points_possible>
    <hide_score_total>false</hide_score_total>
    <free_form_criterion_comments>false</free_form_criterion_comments>
    <criteria>
      <criterion>
        <criterion_id>_1733</criterion_id>
        <points>10.0</points>
        <description>Introduction</description>
        <ratings>
          <rating>
            <description>Excellent</description>
            <points>10.0</points>
            <criterion_id>_1733</criterion_id>
            <long_description>The presenter covers all the criteria outlined in the introduction section of the assignment.</long_description>
            <id>blank</id>
          </rating>
          <rating>
            <description>Partial</description>
            <points>5.0</points>
            <criterion_id>_1733</criterion_id>
            <long_description>The presenter covers some of the criteria outlined in the introduction section of the assignment.</long_description>
            <id>_9147</id>
          </rating>
          <rating>
            <description>No Marks</description>
            <points>0.0</points>
            <criterion_id>_1733</criterion_id>
            <long_description>The presenter covers none of the criteria outlined in the introduction section of the assignment.</long_description>
            <id>blank_2</id>
          </rating>
        </ratings>
      </criterion>
      <criterion>
        <criterion_id>_3761</criterion_id>
        <points>40.0</points>
        <description>Research Idea Presentation</description>
        <ratings>
          <rating>
            <description>Excellent</description>
            <points>40.0</points>
            <criterion_id>_3761</criterion_id>
            <long_description>The assignment clearly presents the details of the research idea, population, data source, data collection method, assessment strategies, and plans for the future.</long_description>
            <id>_9703</id>
          </rating>
          <rating>
            <description>Good</description>
            <points>30.0</points>
            <criterion_id>_3761</criterion_id>
            <long_description>The assignment presents information of the research idea, population, data source, data collection method, and assessment strategies.</long_description>
            <id>_5575</id>
          </rating>
          <rating>
            <description>Rudimentary</description>
            <points>20.0</points>
            <criterion_id>_3761</criterion_id>
            <long_description>The assignment presents some (40%-60%) of the components related to the research idea.</long_description>
            <id>_9021</id>
          </rating>
          <rating>
            <description>Incomplete</description>
            <points>10.0</points>
            <criterion_id>_3761</criterion_id>
            <long_description>The assignment presents a few (&lt; 40%) of the components related to the research idea.</long_description>
            <id>_3404</id>
          </rating>
          <rating>
            <description>No Marks</description>
            <points>0.0</points>
            <criterion_id>_3761</criterion_id>
            <long_description>The presenter does not present a research idea.</long_description>
            <id>_9088</id>
          </rating>
        </ratings>
      </criterion>
      <criterion>
        <criterion_id>59213_7779</criterion_id>
        <points>5.0</points>
        <mastery_points>3.0</mastery_points>
        <ignore_for_scoring>true</ignore_for_scoring>
        <description>Learning Outcome 1</description>
        <long_description>&lt;p&gt;Describe the fundamentals of data analytics&lt;/p&gt;</long_description>
        <learning_outcome_identifierref>gae292684c27d6054b05c5d8059592122</learning_outcome_identifierref>
        <ratings>
          <rating>
            <description>Exceeds Expectations</description>
            <points>5.0</points>
            <criterion_id>59213_7779</criterion_id>
            <id>59213_940</id>
          </rating>
          <rating>
            <description>Meets Expectations</description>
            <points>3.0</points>
            <criterion_id>59213_7779</criterion_id>
            <id>59213_3956</id>
          </rating>
          <rating>
            <description>Does Not Meet Expectations</description>
            <points>0.0</points>
            <criterion_id>59213_7779</criterion_id>
            <id>59213_3870</id>
          </rating>
        </ratings>
      </criterion>
    </criteria>
  </rubric>
  <rubric identifier="gf0e657dd9ba8164bda2ab1bc96e756af">
    <read_only>false</read_only>
    <title>Data Conversation Analysis</title>
    <reusable>false</reusable>
    <public>false</public>
    <points_possible>20.0</points_possible>
    <hide_score_total>false</hide_score_total>
    <free_form_criterion_comments>false</free_form_criterion_comments>
    <criteria>
      <criterion>
        <criterion_id>_9232</criterion_id>
        <points>10.0</points>
        <description>Courageous Conversations Content</description>
        <ratings>
          <rating>
            <description>Excellent</description>
            <points>10.0</points>
            <criterion_id>_9232</criterion_id>
            <long_description>The response fully addresses the situation with a comprehensive and clear presentation of discussing downward trends and difficult conversations.</long_description>
            <id>blank</id>
          </rating>
          <rating>
            <description>Good</description>
            <points>8.0</points>
            <criterion_id>_9232</criterion_id>
            <long_description>The response addresses the situation with a standard presentation of discussing downward trends and difficult conversations.</long_description>
            <id>_8444</id>
          </rating>
          <rating>
            <description>Rudimentary</description>
            <points>6.0</points>
            <criterion_id>_9232</criterion_id>
            <long_description>The response somewhat addresses the situation with a rudimentary presentation of discussing downward trends and difficult conversations.</long_description>
            <id>_2273</id>
          </rating>
          <rating>
            <description>Incomplete</description>
            <points>3.0</points>
            <criterion_id>_9232</criterion_id>
            <long_description>The response does not clearly address the situation.</long_description>
            <id>_333</id>
          </rating>
          <rating>
            <description>No Response</description>
            <points>0.0</points>
            <criterion_id>_9232</criterion_id>
            <long_description>There was no response.</long_description>
            <id>blank_2</id>
          </rating>
        </ratings>
      </criterion>
      <criterion>
        <criterion_id>_3418</criterion_id>
        <points>10.0</points>
        <description>Diffusing Arguments Content</description>
        <ratings>
          <rating>
            <description>Excellent</description>
            <points>10.0</points>
            <criterion_id>_3418</criterion_id>
            <long_description>The response fully addresses the situation with a comprehensive and clear approach to diffusing arguments.</long_description>
            <id>_9251</id>
          </rating>
          <rating>
            <description>Good</description>
            <points>8.0</points>
            <criterion_id>_3418</criterion_id>
            <long_description>The response addresses the situation with a standard approach to diffusing arguments.</long_description>
            <id>_7994</id>
          </rating>
          <rating>
            <description>Rudimentary</description>
            <points>6.0</points>
            <criterion_id>_3418</criterion_id>
            <long_description>The response somewhat addresses the situation with a rudimentary approach to diffusing arguments.</long_description>
            <id>_641</id>
          </rating>
          <rating>
            <description>Incomplete</description>
            <points>3.0</points>
            <criterion_id>_3418</criterion_id>
            <long_description>The response does not clearly address the situation.</long_description>
            <id>_3151</id>
          </rating>
          <rating>
            <description>No Response</description>
            <points>0.0</points>
            <criterion_id>_3418</criterion_id>
            <long_description>There was no response.</long_description>
            <id>_885</id>
          </rating>
        </ratings>
      </criterion>
      <criterion>
        <criterion_id>58017_6532</criterion_id>
        <points>5.0</points>
        <mastery_points>3.0</mastery_points>
        <ignore_for_scoring>true</ignore_for_scoring>
        <description>Learning Outcome 3</description>
        <long_description>&lt;p&gt;Demonstrate the ways data can be presented and shared&lt;/p&gt;</long_description>
        <learning_outcome_identifierref>g9b6c6956eb3cf31d8dc39744c05d2226</learning_outcome_identifierref>
        <ratings>
          <rating>
            <description>Exceeds Expectations</description>
            <points>5.0</points>
            <criterion_id>58017_6532</criterion_id>
            <id>58017_6962</id>
          </rating>
          <rating>
            <description>Meets Expectations</description>
            <points>3.0</points>
            <criterion_id>58017_6532</criterion_id>
            <id>58017_8811</id>
          </rating>
          <rating>
            <description>Does Not Meet Expectations</description>
            <points>0.0</points>
            <criterion_id>58017_6532</criterion_id>
            <id>58017_9172</id>
          </rating>
        </ratings>
      </criterion>
    </criteria>
  </rubric>
  <rubric identifier="gf125c2d00209886397c8fa18f4cd39d8">
    <read_only>false</read_only>
    <title>Analysis Assignment Rubric</title>
    <reusable>false</reusable>
    <public>false</public>
    <points_possible>20.0</points_possible>
    <hide_score_total>false</hide_score_total>
    <free_form_criterion_comments>false</free_form_criterion_comments>
    <criteria>
      <criterion>
        <criterion_id>_591</criterion_id>
        <points>10.0</points>
        <description>Course Enrollment</description>
        <ratings>
          <rating>
            <description>Excellent</description>
            <points>10.0</points>
            <criterion_id>_591</criterion_id>
            <long_description>The response presents multiple data trends which directly supports ideas that the data can be used for planning.</long_description>
            <id>blank</id>
          </rating>
          <rating>
            <description>Good</description>
            <points>8.0</points>
            <criterion_id>_591</criterion_id>
            <long_description>The response presents data trends that indirectly supports ideas that the data can be used for planning.</long_description>
            <id>_1393</id>
          </rating>
          <rating>
            <description>Rudimentary</description>
            <points>6.0</points>
            <criterion_id>_591</criterion_id>
            <long_description>There is only one data trend highlighted and/or one way that the data can be used to inform planning.</long_description>
            <id>_1529</id>
          </rating>
          <rating>
            <description>Incomplete</description>
            <points>3.0</points>
            <criterion_id>_591</criterion_id>
            <long_description>The response does not clearly identify trends or present way the data can be used to inform planning.</long_description>
            <id>_9004</id>
          </rating>
          <rating>
            <description>No Response</description>
            <points>0.0</points>
            <criterion_id>_591</criterion_id>
            <long_description>There was no response.</long_description>
            <id>blank_2</id>
          </rating>
        </ratings>
      </criterion>
      <criterion>
        <criterion_id>_8535</criterion_id>
        <points>10.0</points>
        <description>Fall-to-Fall Persistence</description>
        <ratings>
          <rating>
            <description>Full Marks</description>
            <points>10.0</points>
            <criterion_id>_8535</criterion_id>
            <long_description>The response presents multiple data trends which directly supports ideas that the data can be used for planning.</long_description>
            <id>_7013</id>
          </rating>
          <rating>
            <description>Good</description>
            <points>8.0</points>
            <criterion_id>_8535</criterion_id>
            <long_description>The response presents data trends that indirectly supports ideas that the data can be used for planning.</long_description>
            <id>_398</id>
          </rating>
          <rating>
            <description>Rudimentary</description>
            <points>6.0</points>
            <criterion_id>_8535</criterion_id>
            <long_description>There is only one data trend highlighted and/or one way that the data can be used to inform planning.</long_description>
            <id>_5924</id>
          </rating>
          <rating>
            <description>Incomplete</description>
            <points>3.0</points>
            <criterion_id>_8535</criterion_id>
            <long_description>The response does not clearly identify trends or present way the data can be used to inform planning.</long_description>
            <id>_5351</id>
          </rating>
          <rating>
            <description>No Response</description>
            <points>0.0</points>
            <criterion_id>_8535</criterion_id>
            <long_description>There was no response.</long_description>
            <id>_4895</id>
          </rating>
        </ratings>
      </criterion>
      <criterion>
        <criterion_id>59206_8404</criterion_id>
        <points>5.0</points>
        <mastery_points>3.0</mastery_points>
        <ignore_for_scoring>true</ignore_for_scoring>
        <description>Learning Outcome 2</description>
        <long_description>&lt;p&gt;Explain how data is collected and analyzed&lt;/p&gt;</long_description>
        <learning_outcome_identifierref>g40ce79bd78e02e131a0c0c0844eced25</learning_outcome_identifierref>
        <ratings>
          <rating>
            <description>Exceeds Expectations</description>
            <points>5.0</points>
            <criterion_id>59206_8404</criterion_id>
            <id>59206_8403</id>
          </rating>
          <rating>
            <description>Meets Expectations</description>
            <points>3.0</points>
            <criterion_id>59206_8404</criterion_id>
            <id>59206_7790</id>
          </rating>
          <rating>
            <description>Does Not Meet Expectations</description>
            <points>0.0</points>
            <criterion_id>59206_8404</criterion_id>
            <id>59206_225</id>
          </rating>
        </ratings>
      </criterion>
    </criteria>
  </rubric>
  <rubric identifier="g73d008af4a7b33f9a5de7cfe63d158fd">
    <read_only>false</read_only>
    <title>Discussion Rubric (1)</title>
    <reusable>false</reusable>
    <public>false</public>
    <points_possible>10.0</points_possible>
    <hide_score_total>false</hide_score_total>
    <free_form_criterion_comments>false</free_form_criterion_comments>
    <criteria>
      <criterion>
        <criterion_id>_6109</criterion_id>
        <points>7.0</points>
        <description>Description of criterion</description>
        <ratings>
          <rating>
            <description>Excellent</description>
            <points>7.0</points>
            <criterion_id>_6109</criterion_id>
            <long_description>The initial post partially covers the requirements of the prompt with a comprehensive and clear response.</long_description>
            <id>blank</id>
          </rating>
          <rating>
            <description>Good</description>
            <points>5.0</points>
            <criterion_id>_6109</criterion_id>
            <long_description>The initial post covers the requirements of the prompt with a clear response.</long_description>
            <id>_1035</id>
          </rating>
          <rating>
            <description>Rudimentary</description>
            <points>3.0</points>
            <criterion_id>_6109</criterion_id>
            <long_description>The initial post partially covers the requirements of the prompt with a limited or basic response.</long_description>
            <id>_3173</id>
          </rating>
          <rating>
            <description>No Marks</description>
            <points>0.0</points>
            <criterion_id>_6109</criterion_id>
            <long_description>There is no initial post.</long_description>
            <id>blank_2</id>
          </rating>
        </ratings>
      </criterion>
      <criterion>
        <criterion_id>_6631</criterion_id>
        <points>3.0</points>
        <description>Peer Engagement</description>
        <ratings>
          <rating>
            <description>Full Engagement</description>
            <points>3.0</points>
            <criterion_id>_6631</criterion_id>
            <long_description>Responds to at least two peers with thoughtful and engaging posts.</long_description>
            <id>_7487</id>
          </rating>
          <rating>
            <description>Partial Engagment</description>
            <points>2.0</points>
            <criterion_id>_6631</criterion_id>
            <long_description>Responds to at least one peer with a thoughtful and engaging post.</long_description>
            <id>_8174</id>
          </rating>
          <rating>
            <description>Low Engagement</description>
            <points>1.0</points>
            <criterion_id>_6631</criterion_id>
            <long_description>Responds to peers with a limited or not engaging post.</long_description>
            <id>_2823</id>
          </rating>
          <rating>
            <description>No Marks</description>
            <points>0.0</points>
            <criterion_id>_6631</criterion_id>
            <long_description>There were no responses</long_description>
            <id>_5586</id>
          </rating>
        </ratings>
      </criterion>
      <criterion>
        <criterion_id>58018_3608</criterion_id>
        <points>5.0</points>
        <mastery_points>3.0</mastery_points>
        <ignore_for_scoring>true</ignore_for_scoring>
        <description>Learning Outcome 1</description>
        <long_description>&lt;p&gt;Describe the fundamentals of data analytics&lt;/p&gt;</long_description>
        <learning_outcome_identifierref>gae292684c27d6054b05c5d8059592122</learning_outcome_identifierref>
        <ratings>
          <rating>
            <description>Exceeds Expectations</description>
            <points>5.0</points>
            <criterion_id>58018_3608</criterion_id>
            <id>58018_1177</id>
          </rating>
          <rating>
            <description>Meets Expectations</description>
            <points>3.0</points>
            <criterion_id>58018_3608</criterion_id>
            <id>58018_281</id>
          </rating>
          <rating>
            <description>Does Not Meet Expectations</description>
            <points>0.0</points>
            <criterion_id>58018_3608</criterion_id>
            <id>58018_1766</id>
          </rating>
        </ratings>
      </criterion>
    </criteria>
  </rubric>
  <rubric identifier="gff3c4c7620e37222fcf6d94424bbb007">
    <read_only>false</read_only>
    <title>Discussion Rubric (2)</title>
    <reusable>false</reusable>
    <public>false</public>
    <points_possible>10.0</points_possible>
    <hide_score_total>false</hide_score_total>
    <free_form_criterion_comments>false</free_form_criterion_comments>
    <criteria>
      <criterion>
        <criterion_id>_6109</criterion_id>
        <points>7.0</points>
        <description>Description of criterion</description>
        <ratings>
          <rating>
            <description>Excellent</description>
            <points>7.0</points>
            <criterion_id>_6109</criterion_id>
            <long_description>The initial post partially covers the requirements of the prompt with a comprehensive and clear response.</long_description>
            <id>blank</id>
          </rating>
          <rating>
            <description>Good</description>
            <points>5.0</points>
            <criterion_id>_6109</criterion_id>
            <long_description>The initial post covers the requirements of the prompt with a clear response.</long_description>
            <id>_1035</id>
          </rating>
          <rating>
            <description>Rudimentary</description>
            <points>3.0</points>
            <criterion_id>_6109</criterion_id>
            <long_description>The initial post partially covers the requirements of the prompt with a limited or basic response.</long_description>
            <id>_3173</id>
          </rating>
          <rating>
            <description>No Marks</description>
            <points>0.0</points>
            <criterion_id>_6109</criterion_id>
            <long_description>There is no initial post.</long_description>
            <id>blank_2</id>
          </rating>
        </ratings>
      </criterion>
      <criterion>
        <criterion_id>_6631</criterion_id>
        <points>3.0</points>
        <description>Peer Engagement</description>
        <ratings>
          <rating>
            <description>Full Engagement</description>
            <points>3.0</points>
            <criterion_id>_6631</criterion_id>
            <long_description>Responds to at least two peers with thoughtful and engaging posts.</long_description>
            <id>_7487</id>
          </rating>
          <rating>
            <description>Partial Engagment</description>
            <points>2.0</points>
            <criterion_id>_6631</criterion_id>
            <long_description>Responds to at least one peer with a thoughtful and engaging post.</long_description>
            <id>_8174</id>
          </rating>
          <rating>
            <description>Low Engagement</description>
            <points>1.0</points>
            <criterion_id>_6631</criterion_id>
            <long_description>Responds to peers with a limited or not engaging post.</long_description>
            <id>_2823</id>
          </rating>
          <rating>
            <description>No Marks</description>
            <points>0.0</points>
            <criterion_id>_6631</criterion_id>
            <long_description>There were no responses</long_description>
            <id>_5586</id>
          </rating>
        </ratings>
      </criterion>
      <criterion>
        <criterion_id>58018_6674</criterion_id>
        <points>5.0</points>
        <mastery_points>3.0</mastery_points>
        <ignore_for_scoring>true</ignore_for_scoring>
        <description>Learning Outcome 2</description>
        <long_description>&lt;p&gt;Explain how data is collected and analyzed&lt;/p&gt;</long_description>
        <learning_outcome_identifierref>g40ce79bd78e02e131a0c0c0844eced25</learning_outcome_identifierref>
        <ratings>
          <rating>
            <description>Exceeds Expectations</description>
            <points>5.0</points>
            <criterion_id>58018_6674</criterion_id>
            <id>58018_6955</id>
          </rating>
          <rating>
            <description>Meets Expectations</description>
            <points>3.0</points>
            <criterion_id>58018_6674</criterion_id>
            <id>58018_4005</id>
          </rating>
          <rating>
            <description>Does Not Meet Expectations</description>
            <points>0.0</points>
            <criterion_id>58018_6674</criterion_id>
            <id>58018_9683</id>
          </rating>
        </ratings>
      </criterion>
    </criteria>
  </rubric>
  <rubric identifier="g67d2154bb270a9e0c4be7ff8e158834e">
    <read_only>false</read_only>
    <title>Discussion Rubric (3)</title>
    <reusable>false</reusable>
    <public>false</public>
    <points_possible>10.0</points_possible>
    <hide_score_total>false</hide_score_total>
    <free_form_criterion_comments>false</free_form_criterion_comments>
    <criteria>
      <criterion>
        <criterion_id>_6109</criterion_id>
        <points>7.0</points>
        <description>Description of criterion</description>
        <ratings>
          <rating>
            <description>Excellent</description>
            <points>7.0</points>
            <criterion_id>_6109</criterion_id>
            <long_description>The initial post partially covers the requirements of the prompt with a comprehensive and clear response.</long_description>
            <id>blank</id>
          </rating>
          <rating>
            <description>Good</description>
            <points>5.0</points>
            <criterion_id>_6109</criterion_id>
            <long_description>The initial post covers the requirements of the prompt with a clear response.</long_description>
            <id>_1035</id>
          </rating>
          <rating>
            <description>Rudimentary</description>
            <points>3.0</points>
            <criterion_id>_6109</criterion_id>
            <long_description>The initial post partially covers the requirements of the prompt with a limited or basic response.</long_description>
            <id>_3173</id>
          </rating>
          <rating>
            <description>No Marks</description>
            <points>0.0</points>
            <criterion_id>_6109</criterion_id>
            <long_description>There is no initial post.</long_description>
            <id>blank_2</id>
          </rating>
        </ratings>
      </criterion>
      <criterion>
        <criterion_id>_6631</criterion_id>
        <points>3.0</points>
        <description>Peer Engagement</description>
        <ratings>
          <rating>
            <description>Full Engagement</description>
            <points>3.0</points>
            <criterion_id>_6631</criterion_id>
            <long_description>Responds to at least two peers with thoughtful and engaging posts.</long_description>
            <id>_7487</id>
          </rating>
          <rating>
            <description>Partial Engagment</description>
            <points>2.0</points>
            <criterion_id>_6631</criterion_id>
            <long_description>Responds to at least one peer with a thoughtful and engaging post.</long_description>
            <id>_8174</id>
          </rating>
          <rating>
            <description>Low Engagement</description>
            <points>1.0</points>
            <criterion_id>_6631</criterion_id>
            <long_description>Responds to peers with a limited or not engaging post.</long_description>
            <id>_2823</id>
          </rating>
          <rating>
            <description>No Marks</description>
            <points>0.0</points>
            <criterion_id>_6631</criterion_id>
            <long_description>There were no responses</long_description>
            <id>_5586</id>
          </rating>
        </ratings>
      </criterion>
      <criterion>
        <criterion_id>58018_5370</criterion_id>
        <points>5.0</points>
        <mastery_points>3.0</mastery_points>
        <ignore_for_scoring>true</ignore_for_scoring>
        <description>Learning Outcome 3</description>
        <long_description>&lt;p&gt;Demonstrate the ways data can be presented and shared&lt;/p&gt;</long_description>
        <learning_outcome_identifierref>g9b6c6956eb3cf31d8dc39744c05d2226</learning_outcome_identifierref>
        <ratings>
          <rating>
            <description>Exceeds Expectations</description>
            <points>5.0</points>
            <criterion_id>58018_5370</criterion_id>
            <id>58018_1148</id>
          </rating>
          <rating>
            <description>Meets Expectations</description>
            <points>3.0</points>
            <criterion_id>58018_5370</criterion_id>
            <id>58018_2082</id>
          </rating>
          <rating>
            <description>Does Not Meet Expectations</description>
            <points>0.0</points>
            <criterion_id>58018_5370</criterion_id>
            <id>58018_6547</id>
          </rating>
        </ratings>
      </criterion>
    </criteria>
  </rubric>
  <rubric identifier="g93e56173cce6465ae71eef6c22325d44">
    <read_only>false</read_only>
    <title>Discussion Rubric (4)</title>
    <reusable>false</reusable>
    <public>false</public>
    <points_possible>10.0</points_possible>
    <hide_score_total>false</hide_score_total>
    <free_form_criterion_comments>false</free_form_criterion_comments>
    <criteria>
      <criterion>
        <criterion_id>_6109</criterion_id>
        <points>7.0</points>
        <description>Description of criterion</description>
        <ratings>
          <rating>
            <description>Excellent</description>
            <points>7.0</points>
            <criterion_id>_6109</criterion_id>
            <long_description>The initial post partially covers the requirements of the prompt with a comprehensive and clear response.</long_description>
            <id>blank</id>
          </rating>
          <rating>
            <description>Good</description>
            <points>5.0</points>
            <criterion_id>_6109</criterion_id>
            <long_description>The initial post covers the requirements of the prompt with a clear response.</long_description>
            <id>_1035</id>
          </rating>
          <rating>
            <description>Rudimentary</description>
            <points>3.0</points>
            <criterion_id>_6109</criterion_id>
            <long_description>The initial post partially covers the requirements of the prompt with a limited or basic response.</long_description>
            <id>_3173</id>
          </rating>
          <rating>
            <description>No Marks</description>
            <points>0.0</points>
            <criterion_id>_6109</criterion_id>
            <long_description>There is no initial post.</long_description>
            <id>blank_2</id>
          </rating>
        </ratings>
      </criterion>
      <criterion>
        <criterion_id>_6631</criterion_id>
        <points>3.0</points>
        <description>Peer Engagement</description>
        <ratings>
          <rating>
            <description>Full Engagement</description>
            <points>3.0</points>
            <criterion_id>_6631</criterion_id>
            <long_description>Responds to at least two peers with thoughtful and engaging posts.</long_description>
            <id>_7487</id>
          </rating>
          <rating>
            <description>Partial Engagment</description>
            <points>2.0</points>
            <criterion_id>_6631</criterion_id>
            <long_description>Responds to at least one peer with a thoughtful and engaging post.</long_description>
            <id>_8174</id>
          </rating>
          <rating>
            <description>Low Engagement</description>
            <points>1.0</points>
            <criterion_id>_6631</criterion_id>
            <long_description>Responds to peers with a limited or not engaging post.</long_description>
            <id>_2823</id>
          </rating>
          <rating>
            <description>No Marks</description>
            <points>0.0</points>
            <criterion_id>_6631</criterion_id>
            <long_description>There were no responses</long_description>
            <id>_5586</id>
          </rating>
        </ratings>
      </criterion>
      <criterion>
        <criterion_id>58018_3110</criterion_id>
        <points>5.0</points>
        <mastery_points>3.0</mastery_points>
        <ignore_for_scoring>true</ignore_for_scoring>
        <description>Learning Outcome 4</description>
        <long_description>&lt;p&gt;Understand the expectations of a data coach&lt;/p&gt;</long_description>
        <learning_outcome_identifierref>g5f60691848bdc558a122f0019dbbef06</learning_outcome_identifierref>
        <ratings>
          <rating>
            <description>Exceeds Expectations</description>
            <points>5.0</points>
            <criterion_id>58018_3110</criterion_id>
            <id>58018_3349</id>
          </rating>
          <rating>
            <description>Meets Expectations</description>
            <points>3.0</points>
            <criterion_id>58018_3110</criterion_id>
            <id>58018_1983</id>
          </rating>
          <rating>
            <description>Does Not Meet Expectations</description>
            <points>0.0</points>
            <criterion_id>58018_3110</criterion_id>
            <id>58018_15</id>
          </rating>
        </ratings>
      </criterion>
    </criteria>
  </rubric>
</rubrics>
