<?xml version="1.0" encoding="UTF-8"?>
<questestinterop xmlns="http://www.imsglobal.org/xsd/ims_qtiasiv1p2" xmlns:xsi="http://www.w3.org/2001/XMLSchema-instance" xsi:schemaLocation="http://www.imsglobal.org/xsd/ims_qtiasiv1p2 http://www.imsglobal.org/profile/cc/ccv1p1/ccv1p1_qtiasiv1p2p1_v1p0.xsd">
  <assessment ident="g5edb1010257107ca55ced8a4cdfd0c8f" title="M01 Quiz">
    <qtimetadata>
      <qtimetadatafield>
        <fieldlabel>cc_profile</fieldlabel>
        <fieldentry>cc.exam.v0p1</fieldentry>
      </qtimetadatafield>
      <qtimetadatafield>
        <fieldlabel>qmd_assessmenttype</fieldlabel>
        <fieldentry>Examination</fieldentry>
      </qtimetadatafield>
      <qtimetadatafield>
        <fieldlabel>qmd_scoretype</fieldlabel>
        <fieldentry>Percentage</fieldentry>
      </qtimetadatafield>
      <qtimetadatafield>
        <fieldlabel>cc_maxattempts</fieldlabel>
        <fieldentry>1</fieldentry>
      </qtimetadatafield>
    </qtimetadata>
    <section ident="root_section">
    </section>
  </assessment>
</questestinterop>
