<?xml version="1.0" encoding="UTF-8"?>
<assignment identifier="g7a8ba7a6553adc9ef7127c65716be381" xmlns="http://www.imsglobal.org/xsd/imscc_extensions/assignment" xmlns:xsi="http://www.w3.org/2001/XMLSchema-instance" xsi:schemaLocation="http://www.imsglobal.org/xsd/imscc_extensions/assignment http://www.imsglobal.org/profile/cc/cc_extensions/cc_extresource_assignmentv1p0_v1p0.xsd">
  <title>M04 Submit Data Coach Capstone Project</title>
  <text texttype="text/html">&lt;h2&gt;&lt;strong&gt;Assignment Requirements&lt;/strong&gt;&lt;/h2&gt;
&lt;ul&gt;
&lt;li&gt;The Submission page has the grading rubric&lt;/li&gt;
&lt;li&gt;Assignment Type: Written assignment or presentation slides or video&lt;/li&gt;
&lt;li&gt;Due May 10 at 11:59pm&lt;/li&gt;
&lt;/ul&gt;</text>
  <gradable points_possible="50.0">true</gradable>
  <submission_formats>
    <format type="file"/>
  </submission_formats>
  <extensions>
    <assignment identifier="g7a8ba7a6553adc9ef7127c65716be381_canvas" xmlns="http://canvas.instructure.com/xsd/cccv1p0" xmlns:xsi="http://www.w3.org/2001/XMLSchema-instance" xsi:schemaLocation="http://canvas.instructure.com/xsd/cccv1p0 https://canvas.instructure.com/xsd/cccv1p0.xsd">
      <title>M04 Submit Data Coach Capstone Project</title>
      <due_at>2020-05-11T06:59:59</due_at>
      <lock_at>2020-05-18T06:59:59</lock_at>
      <unlock_at>2020-05-04T07:00:00</unlock_at>
      <module_locked>false</module_locked>
      <all_day_date>2020-05-10</all_day_date>
      <assignment_group_identifierref>g6560f172e953fb4b3e0f2bda74ce5fd9</assignment_group_identifierref>
      <workflow_state>published</workflow_state>
      <rubric_identifierref>gee3b5dbb650e3d55af8162774bbae4b7</rubric_identifierref>
      <rubric_use_for_grading>true</rubric_use_for_grading>
      <rubric_hide_points>false</rubric_hide_points>
      <rubric_hide_outcome_results>false</rubric_hide_outcome_results>
      <rubric_hide_score_total>false</rubric_hide_score_total>
      <assignment_overrides>
      </assignment_overrides>
      <allowed_extensions></allowed_extensions>
      <has_group_category>false</has_group_category>
      <points_possible>50.0</points_possible>
      <grading_type>points</grading_type>
      <all_day>true</all_day>
      <submission_types>online_upload</submission_types>
      <position>8</position>
      <turnitin_enabled>false</turnitin_enabled>
      <vericite_enabled>false</vericite_enabled>
      <peer_review_count>0</peer_review_count>
      <peer_reviews>false</peer_reviews>
      <automatic_peer_reviews>false</automatic_peer_reviews>
      <anonymous_peer_reviews>false</anonymous_peer_reviews>
      <grade_group_students_individually>false</grade_group_students_individually>
      <freeze_on_copy>false</freeze_on_copy>
      <omit_from_final_grade>false</omit_from_final_grade>
      <intra_group_peer_reviews>false</intra_group_peer_reviews>
      <only_visible_to_overrides>false</only_visible_to_overrides>
      <post_to_sis>false</post_to_sis>
      <moderated_grading>false</moderated_grading>
      <grader_count>0</grader_count>
      <grader_comments_visible_to_graders>true</grader_comments_visible_to_graders>
      <anonymous_grading>false</anonymous_grading>
      <graders_anonymous_to_graders>false</graders_anonymous_to_graders>
      <grader_names_visible_to_final_grader>true</grader_names_visible_to_final_grader>
      <anonymous_instructor_annotations>false</anonymous_instructor_annotations>
      <allowed_attempts>-1</allowed_attempts>
      <post_policy>
        <post_manually>false</post_manually>
      </post_policy>
    </assignment>
  </extensions>
</assignment>
