<?xml version="1.0" encoding="UTF-8"?>
<quiz identifier="g75df3c6f52526e5201b462ea59672014" xmlns="http://canvas.instructure.com/xsd/cccv1p0" xmlns:xsi="http://www.w3.org/2001/XMLSchema-instance" xsi:schemaLocation="http://canvas.instructure.com/xsd/cccv1p0 https://canvas.instructure.com/xsd/cccv1p0.xsd">
  <title>M04 Quiz</title>
  <description>&lt;h2&gt;Module 04 Quiz&lt;/h2&gt;
&lt;p&gt;The ten question quiz will cover concepts the found in the learning materials and resources from this week's module. &lt;/p&gt;
&lt;p&gt;Note: This quiz is not timed and is estimated to take five to ten minutes to complete. You will have one attempt to complete the quiz.&lt;/p&gt;</description>
  <lock_at>2020-05-18T06:59:00</lock_at>
  <unlock_at>2020-05-04T07:00:00</unlock_at>
  <due_at>2020-05-11T06:59:00</due_at>
  <shuffle_answers>true</shuffle_answers>
  <scoring_policy>keep_highest</scoring_policy>
  <hide_results></hide_results>
  <quiz_type>assignment</quiz_type>
  <points_possible>10.0</points_possible>
  <require_lockdown_browser>false</require_lockdown_browser>
  <require_lockdown_browser_for_results>false</require_lockdown_browser_for_results>
  <require_lockdown_browser_monitor>false</require_lockdown_browser_monitor>
  <lockdown_browser_monitor_data></lockdown_browser_monitor_data>
  <show_correct_answers>true</show_correct_answers>
  <anonymous_submissions>false</anonymous_submissions>
  <could_be_locked>true</could_be_locked>
  <allowed_attempts>1</allowed_attempts>
  <one_question_at_a_time>false</one_question_at_a_time>
  <cant_go_back>false</cant_go_back>
  <available>true</available>
  <one_time_results>false</one_time_results>
  <show_correct_answers_last_attempt>false</show_correct_answers_last_attempt>
  <only_visible_to_overrides>false</only_visible_to_overrides>
  <module_locked>false</module_locked>
  <assignment identifier="g32809265d3fa017338224ee6672c4304">
    <title>M04 Quiz</title>
    <due_at>2020-05-11T06:59:00</due_at>
    <lock_at>2020-05-18T06:59:00</lock_at>
    <unlock_at>2020-05-04T07:00:00</unlock_at>
    <module_locked>false</module_locked>
    <all_day_date>2020-05-10</all_day_date>
    <peer_reviews_due_at>2019-06-24T06:59:00</peer_reviews_due_at>
    <assignment_group_identifierref>g6560f172e953fb4b3e0f2bda74ce5fd9</assignment_group_identifierref>
    <workflow_state>published</workflow_state>
    <assignment_overrides>
    </assignment_overrides>
    <quiz_identifierref>g75df3c6f52526e5201b462ea59672014</quiz_identifierref>
    <allowed_extensions></allowed_extensions>
    <has_group_category>false</has_group_category>
    <points_possible>10.0</points_possible>
    <grading_type>points</grading_type>
    <all_day>true</all_day>
    <submission_types>online_quiz</submission_types>
    <position>5</position>
    <turnitin_enabled>false</turnitin_enabled>
    <vericite_enabled>false</vericite_enabled>
    <peer_review_count>0</peer_review_count>
    <peer_reviews>false</peer_reviews>
    <automatic_peer_reviews>false</automatic_peer_reviews>
    <anonymous_peer_reviews>false</anonymous_peer_reviews>
    <grade_group_students_individually>false</grade_group_students_individually>
    <freeze_on_copy>false</freeze_on_copy>
    <omit_from_final_grade>false</omit_from_final_grade>
    <intra_group_peer_reviews>false</intra_group_peer_reviews>
    <only_visible_to_overrides>false</only_visible_to_overrides>
    <post_to_sis>false</post_to_sis>
    <moderated_grading>false</moderated_grading>
    <grader_count>0</grader_count>
    <grader_comments_visible_to_graders>true</grader_comments_visible_to_graders>
    <anonymous_grading>false</anonymous_grading>
    <graders_anonymous_to_graders>false</graders_anonymous_to_graders>
    <grader_names_visible_to_final_grader>true</grader_names_visible_to_final_grader>
    <anonymous_instructor_annotations>false</anonymous_instructor_annotations>
    <post_policy>
      <post_manually>false</post_manually>
    </post_policy>
  </assignment>
  <assignment_group_identifierref>g6560f172e953fb4b3e0f2bda74ce5fd9</assignment_group_identifierref>
  <assignment_overrides>
  </assignment_overrides>
</quiz>
