<?xml version="1.0" encoding="UTF-8"?>
<topicMeta identifier="g0f7c8a5da38d4dd6c6b6bcd3dbca47c7" xmlns="http://canvas.instructure.com/xsd/cccv1p0" xmlns:xsi="http://www.w3.org/2001/XMLSchema-instance" xsi:schemaLocation="http://canvas.instructure.com/xsd/cccv1p0 https://canvas.instructure.com/xsd/cccv1p0.xsd">
  <topic_id>g71ef837406da222261a9eb96f3ead0b1</topic_id>
  <title>M03 Discussion</title>
  <position/>
  <type>topic</type>
  <discussion_type>threaded</discussion_type>
  <require_initial_post>true</require_initial_post>
  <has_group_category>false</has_group_category>
  <workflow_state>active</workflow_state>
  <module_locked>false</module_locked>
  <allow_rating>true</allow_rating>
  <only_graders_can_rate>false</only_graders_can_rate>
  <sort_by_rating>false</sort_by_rating>
  <todo_date/>
  <assignment identifier="gb067e2f2b4b2bd5b69e2650e914f39c8">
    <title>M03 Discussion</title>
    <due_at>2020-05-04T06:59:00</due_at>
    <lock_at>2020-05-11T06:59:00</lock_at>
    <unlock_at>2020-04-27T07:00:00</unlock_at>
    <module_locked>false</module_locked>
    <all_day_date>2020-05-03</all_day_date>
    <assignment_group_identifierref>g6560f172e953fb4b3e0f2bda74ce5fd9</assignment_group_identifierref>
    <workflow_state>published</workflow_state>
    <rubric_identifierref>g67d2154bb270a9e0c4be7ff8e158834e</rubric_identifierref>
    <rubric_use_for_grading>true</rubric_use_for_grading>
    <rubric_hide_points>false</rubric_hide_points>
    <rubric_hide_outcome_results>false</rubric_hide_outcome_results>
    <rubric_hide_score_total>false</rubric_hide_score_total>
    <assignment_overrides>
    </assignment_overrides>
    <allowed_extensions></allowed_extensions>
    <has_group_category>false</has_group_category>
    <points_possible>10.0</points_possible>
    <grading_type>points</grading_type>
    <all_day>true</all_day>
    <submission_types>discussion_topic</submission_types>
    <position>11</position>
    <turnitin_enabled>false</turnitin_enabled>
    <vericite_enabled>false</vericite_enabled>
    <peer_review_count>0</peer_review_count>
    <peer_reviews>false</peer_reviews>
    <automatic_peer_reviews>false</automatic_peer_reviews>
    <anonymous_peer_reviews>false</anonymous_peer_reviews>
    <grade_group_students_individually>false</grade_group_students_individually>
    <freeze_on_copy>false</freeze_on_copy>
    <omit_from_final_grade>false</omit_from_final_grade>
    <intra_group_peer_reviews>false</intra_group_peer_reviews>
    <only_visible_to_overrides>false</only_visible_to_overrides>
    <post_to_sis>false</post_to_sis>
    <moderated_grading>false</moderated_grading>
    <grader_count>0</grader_count>
    <grader_comments_visible_to_graders>true</grader_comments_visible_to_graders>
    <anonymous_grading>false</anonymous_grading>
    <graders_anonymous_to_graders>false</graders_anonymous_to_graders>
    <grader_names_visible_to_final_grader>true</grader_names_visible_to_final_grader>
    <anonymous_instructor_annotations>false</anonymous_instructor_annotations>
    <allowed_attempts>-1</allowed_attempts>
    <post_policy>
      <post_manually>false</post_manually>
    </post_policy>
  </assignment>
</topicMeta>
