<?xml version="1.0" encoding="UTF-8"?>
<topicMeta identifier="g6800a6b3f0003f48cae47e3e04db28ec" xmlns="http://canvas.instructure.com/xsd/cccv1p0" xmlns:xsi="http://www.w3.org/2001/XMLSchema-instance" xsi:schemaLocation="http://canvas.instructure.com/xsd/cccv1p0 https://canvas.instructure.com/xsd/cccv1p0.xsd">
  <topic_id>ga7a9113b928b79a96b9c957057b4be4f</topic_id>
  <title>Introduce Yourself</title>
  <delayed_post_at>2020-04-13T07:00:00</delayed_post_at>
  <lock_at>2020-05-18T06:59:00</lock_at>
  <position/>
  <type>topic</type>
  <discussion_type>side_comment</discussion_type>
  <has_group_category>false</has_group_category>
  <workflow_state>post_delayed</workflow_state>
  <module_locked>false</module_locked>
  <allow_rating>false</allow_rating>
  <only_graders_can_rate>false</only_graders_can_rate>
  <sort_by_rating>false</sort_by_rating>
  <todo_date/>
</topicMeta>
