<?xml version="1.0" encoding="UTF-8"?>
<topicMeta identifier="gd4217d9f30f569773763380aef1ca7c7" xmlns="http://canvas.instructure.com/xsd/cccv1p0" xmlns:xsi="http://www.w3.org/2001/XMLSchema-instance" xsi:schemaLocation="http://canvas.instructure.com/xsd/cccv1p0 https://canvas.instructure.com/xsd/cccv1p0.xsd">
  <topic_id>g2794fbae393e0bfcfd63b611145f6320</topic_id>
  <title>Welcome</title>
  <delayed_post_at>2020-04-13T07:00:00</delayed_post_at>
  <position>2</position>
  <type>announcement</type>
  <discussion_type>side_comment</discussion_type>
  <has_group_category>false</has_group_category>
  <workflow_state>post_delayed</workflow_state>
  <module_locked>false</module_locked>
  <allow_rating>false</allow_rating>
  <only_graders_can_rate>false</only_graders_can_rate>
  <sort_by_rating>false</sort_by_rating>
  <todo_date/>
  <locked>true</locked>
</topicMeta>
