<?xml version="1.0" encoding="UTF-8"?>
<manifest identifier="gb2a2a2787784786ad3f88b8f3478a983" xmlns="http://www.imsglobal.org/xsd/imsccv1p3/imscp_v1p1" xmlns:lom="http://ltsc.ieee.org/xsd/imsccv1p3/LOM/resource" xmlns:lomimscc="http://ltsc.ieee.org/xsd/imsccv1p3/LOM/manifest" xmlns:cpx="http://www.imsglobal.org/xsd/imsccv1p3/imscp_extensionv1p2" xmlns:xsi="http://www.w3.org/2001/XMLSchema-instance" xsi:schemaLocation="http://ltsc.ieee.org/xsd/imsccv1p3/LOM/resource http://www.imsglobal.org/profile/cc/ccv1p3/LOM/ccv1p3_lomresource_v1p0.xsd http://www.imsglobal.org/xsd/imsccv1p3/imscp_v1p1 http://www.imsglobal.org/profile/cc/ccv1p3/ccv1p3_imscp_v1p2_v1p0.xsd http://ltsc.ieee.org/xsd/imsccv1p3/LOM/manifest http://www.imsglobal.org/profile/cc/ccv1p3/LOM/ccv1p3_lommanifest_v1p0.xsd http://www.imsglobal.org/xsd/imsccv1p3/imscp_extensionv1p2 http://www.imsglobal.org/profile/cc/ccv1p3/ccv1p3_cpextensionv1p2_v1p0.xsd">
  <metadata>
    <schema>IMS Common Cartridge</schema>
    <schemaversion>1.3.0</schemaversion>
    <lomimscc:lom>
      <lomimscc:general>
        <lomimscc:title>
          <lomimscc:string>CCCNB-039 Data Coach - Spring 2020</lomimscc:string>
        </lomimscc:title>
      </lomimscc:general>
      <lomimscc:lifeCycle>
        <lomimscc:contribute>
          <lomimscc:date>
            <lomimscc:dateTime>2020-04-04</lomimscc:dateTime>
          </lomimscc:date>
        </lomimscc:contribute>
      </lomimscc:lifeCycle>
      <lomimscc:rights>
        <lomimscc:copyrightAndOtherRestrictions>
          <lomimscc:value>yes</lomimscc:value>
        </lomimscc:copyrightAndOtherRestrictions>
        <lomimscc:description>
          <lomimscc:string>Private (Copyrighted) - http://en.wikipedia.org/wiki/Copyright</lomimscc:string>
        </lomimscc:description>
      </lomimscc:rights>
    </lomimscc:lom>
  </metadata>
  <organizations>
    <organization identifier="org_1" structure="rooted-hierarchy">
      <item identifier="LearningModules">
        <item identifier="gaa566f84829ba3def7b1333ca74ddb56">
          <title>Course Orientation</title>
          <item identifier="g81ba42599ff183f4b74a00efb17735f9" identifierref="gd2e0766646bbe83eb68b83782d41c8f1">
            <title>Welcome</title>
          </item>
          <item identifier="g8ab5c76a55ee3a01ac25f37939ce2a0c" identifierref="g3b2c4aa2a51d110b445262c9c6097fca">
            <title>About the Course</title>
          </item>
          <item identifier="ga204ab49bc516728e7f74477d35dc0e5" identifierref="gcb73a7bca7144d9502eb16d1f49be911">
            <title>Learning Outcomes</title>
          </item>
          <item identifier="g74e70fbb5e2dadd271a4ea31499213ff" identifierref="ge3046e8e13927cd91bd25e96976341f2">
            <title>Course Work and Grading</title>
          </item>
          <item identifier="gd016c0900435fae305e2aa8c496b1e52" identifierref="g7695d8c7b235be15ce0989d3296b068f">
            <title>Course Expectations</title>
          </item>
          <item identifier="g562e3e0876b5ac95b0592f3fb6d1cdb1" identifierref="g3132ebcd8f4b377e2e1185ae9ce1e38a">
            <title>Course Policies</title>
          </item>
          <item identifier="g5938f06088639ed67bab8317720f4a86" identifierref="g4be49ca0878e668b14be1d732ab74587">
            <title>Discussion Netiquette and Tips</title>
          </item>
          <item identifier="g6b8eed73219abd36fde3d2ba2491a1d9" identifierref="gac5569d8135bd0f25e8cbea224d55cde">
            <title>Online Training Readiness Tutorials</title>
          </item>
          <item identifier="gee69b0539156bb1a0f12b5d185edcabf" identifierref="gd3e802018ba5672aa2f923d21b8a7d7e">
            <title>Course and Library Resources</title>
          </item>
          <item identifier="g403213453413235372ece4247f2344b3" identifierref="ge1a981cf6fce40780dfaaff7d88b02a0">
            <title>Communication</title>
          </item>
          <item identifier="g1b2ce53270f564d491a923d60a8fd8d8" identifierref="g938ec44ac90bb29fa6408dc845f07b80">
            <title>About Your Instructor </title>
          </item>
          <item identifier="g9c0b49401cfb1a06d92a78ffeeb673bf" identifierref="ga7a9113b928b79a96b9c957057b4be4f">
            <title>Introduce Yourself</title>
          </item>
        </item>
        <item identifier="g6d288f24dfaed4146ae5651d382549ea">
          <title>Module 1: Introduction to Data Analytics</title>
          <item identifier="g25303e6ba6814c73665361777a94f50e" identifierref="g9b75a4f700a763c9c1472f44d85f2ed7">
            <title>M01 Overview, Objectives, and Activity List</title>
          </item>
          <item identifier="g0c320e41d0a2b959d3a2c43edc20a547" identifierref="g8661b311c18dd4adb30af274e4d6ceb3">
            <title>M01 Learning Resources</title>
          </item>
          <item identifier="g359b4cc50f5bb67b9d657cc93d029224" identifierref="g5edb1010257107ca55ced8a4cdfd0c8f">
            <title>M01 Quiz</title>
          </item>
          <item identifier="g709fd9780b801e6fc1b6676051ec91b2" identifierref="gaf824a317177b3e00b34e4b39daf07e8">
            <title>M01 Discussion</title>
          </item>
        </item>
        <item identifier="gcde115fb7ae351359c19761875cc1df3">
          <title>Module 2: Data Wrangling and Analysis</title>
          <item identifier="gd7d41edc364252019c6b028b06d30c07" identifierref="g86e8db213f2d050f79be6bc8b3a04849">
            <title>M02 Overview, Objectives, and Activity List</title>
          </item>
          <item identifier="gd56574e55b646e0807b4a5b9456d8f64" identifierref="g2068209912689bee8f21fddf50a62f5c">
            <title>M02 Learning Resources</title>
          </item>
          <item identifier="g474d331b6bb05aa291b6f1d0d054f24c" identifierref="gb0a79610f37343681dd3f3dfa375fda4">
            <title>M02 Quiz</title>
          </item>
          <item identifier="g0945908ba4ffa69b56cef73d8cdc20c6" identifierref="g7f33123b12c54b7f8cc78ec68ed75d9b">
            <title>M02 Discussion</title>
          </item>
          <item identifier="g8f5b99bd6b711f292ae574e7e116f65f" identifierref="g6ab68930c7da86a73014b44c7aa9c026">
            <title>M02 Analysis Assignment</title>
          </item>
          <item identifier="gdd9ee9bfee53341664025b5b0d492a3c" identifierref="gba1aec712a1926593f565494a6553bad">
            <title>M02 Submit Analysis Assignment</title>
          </item>
        </item>
        <item identifier="g99fb30910ba08534595bda968f40bae2">
          <title>Module 3: Data Storytelling</title>
          <item identifier="gc9bbd7a90a9644c242ce88a9b6bc03f3" identifierref="g3af9d6aeb63681008c21b7fe0007f773">
            <title>M03 Overview, Objectives, and Activity List</title>
          </item>
          <item identifier="g5e40e625d7278e125aa891a04c41f170" identifierref="gf7eef3e1d4979c501952d0d20a2a20b4">
            <title>M03 Learning Resources</title>
          </item>
          <item identifier="gc1b9812e1d1fe0e4356639b61958f101" identifierref="g8a0059aefb4c4581bb2ef4b71a65b91d">
            <title>M03 Quiz</title>
          </item>
          <item identifier="g33397282448afe0287803df172bfe2bd" identifierref="g71ef837406da222261a9eb96f3ead0b1">
            <title>M03 Discussion</title>
          </item>
          <item identifier="g2f4f61182d7c17186ac970fb10e9997f" identifierref="g438df128cb1777b27f9b44f05acb7431">
            <title>M03 Data Conversation Assignment</title>
          </item>
          <item identifier="gf334c278390fed931afb2cbfa74186d3" identifierref="g779e9ce7744b383318af4d61dc7ab065">
            <title>M03 Submit Data Conversation Assignment</title>
          </item>
        </item>
        <item identifier="gc300e0e44f447b4a0ea929c902691ec7">
          <title>Module 4: Role of a Data Coach</title>
          <item identifier="gc436932fd784a02300fe7acad8ebae63" identifierref="g02dcd59b97d98ed497f034f4220eb128">
            <title>M04 Overview, Objectives, and Activity List</title>
          </item>
          <item identifier="g42d74bbfa2f3ace48182a8b829f47383" identifierref="g751b57594a572d732f7206f57e070add">
            <title>M04 Learning Resources</title>
          </item>
          <item identifier="g3f05cd5be688555e0b06e88fcaf89f0d" identifierref="g75df3c6f52526e5201b462ea59672014">
            <title>M04 Quiz</title>
          </item>
          <item identifier="g386ab0848b596a9996c2a34ba9e621fb" identifierref="g5f1fb8e76f4c1e3449ff6d7522b98bd2">
            <title>M04 Discussion</title>
          </item>
          <item identifier="gda0a47b09dcab87968935679fbd8e8e8" identifierref="g2e1bde66e3c21e3e88340a6806bcecf2">
            <title>Data Coach Capstone Project</title>
          </item>
          <item identifier="g43a5be1fc6a2732872c911c29d36a17a" identifierref="g7a8ba7a6553adc9ef7127c65716be381">
            <title>M04 Submit Data Coach Capstone Project</title>
          </item>
        </item>
      </item>
    </organization>
  </organizations>
  <resources>
    <resource identifier="g7abfceafc7d716fa339b6000aeed2583" type="associatedcontent/imscc_xmlv1p1/learning-application-resource" href="course_settings/canvas_export.txt">
      <file href="course_settings/course_settings.xml"/>
      <file href="course_settings/module_meta.xml"/>
      <file href="course_settings/assignment_groups.xml"/>
      <file href="course_settings/rubrics.xml"/>
      <file href="course_settings/learning_outcomes.xml"/>
      <file href="course_settings/files_meta.xml"/>
      <file href="course_settings/media_tracks.xml"/>
      <file href="course_settings/canvas_export.txt"/>
    </resource>
    <resource identifier="g938ec44ac90bb29fa6408dc845f07b80" type="webcontent" href="wiki_content/about-your-instructor.html">
      <file href="wiki_content/about-your-instructor.html"/>
    </resource>
    <resource identifier="gd3e802018ba5672aa2f923d21b8a7d7e" type="webcontent" href="wiki_content/course-and-library-resources.html">
      <file href="wiki_content/course-and-library-resources.html"/>
    </resource>
    <resource identifier="gac5569d8135bd0f25e8cbea224d55cde" type="webcontent" href="wiki_content/online-training-readiness-tutorials.html">
      <file href="wiki_content/online-training-readiness-tutorials.html"/>
    </resource>
    <resource identifier="g3132ebcd8f4b377e2e1185ae9ce1e38a" type="webcontent" href="wiki_content/course-policies.html">
      <file href="wiki_content/course-policies.html"/>
    </resource>
    <resource identifier="g7695d8c7b235be15ce0989d3296b068f" type="webcontent" href="wiki_content/course-expectations.html">
      <file href="wiki_content/course-expectations.html"/>
    </resource>
    <resource identifier="ge3046e8e13927cd91bd25e96976341f2" type="webcontent" href="wiki_content/course-work-and-grading.html">
      <file href="wiki_content/course-work-and-grading.html"/>
    </resource>
    <resource identifier="gd2e0766646bbe83eb68b83782d41c8f1" type="webcontent" href="wiki_content/welcome.html">
      <file href="wiki_content/welcome.html"/>
    </resource>
    <resource identifier="g438df128cb1777b27f9b44f05acb7431" type="webcontent" href="wiki_content/m03-data-conversation-assignment.html">
      <file href="wiki_content/m03-data-conversation-assignment.html"/>
    </resource>
    <resource identifier="gf7eef3e1d4979c501952d0d20a2a20b4" type="webcontent" href="wiki_content/m03-learning-resources.html">
      <file href="wiki_content/m03-learning-resources.html"/>
    </resource>
    <resource identifier="g9b75a4f700a763c9c1472f44d85f2ed7" type="webcontent" href="wiki_content/m01-overview-objectives-and-activity-list.html">
      <file href="wiki_content/m01-overview-objectives-and-activity-list.html"/>
    </resource>
    <resource identifier="ge1a981cf6fce40780dfaaff7d88b02a0" type="webcontent" href="wiki_content/communication.html">
      <file href="wiki_content/communication.html"/>
    </resource>
    <resource identifier="g2068209912689bee8f21fddf50a62f5c" type="webcontent" href="wiki_content/m02-learning-resources.html">
      <file href="wiki_content/m02-learning-resources.html"/>
    </resource>
    <resource identifier="g2e1bde66e3c21e3e88340a6806bcecf2" type="webcontent" href="wiki_content/data-coach-capstone-project.html">
      <file href="wiki_content/data-coach-capstone-project.html"/>
    </resource>
    <resource identifier="g02dcd59b97d98ed497f034f4220eb128" type="webcontent" href="wiki_content/m04-overview-objectives-and-activity-list.html">
      <file href="wiki_content/m04-overview-objectives-and-activity-list.html"/>
    </resource>
    <resource identifier="g6ab68930c7da86a73014b44c7aa9c026" type="webcontent" href="wiki_content/m02-analysis-assignment.html">
      <file href="wiki_content/m02-analysis-assignment.html"/>
    </resource>
    <resource identifier="g3af9d6aeb63681008c21b7fe0007f773" type="webcontent" href="wiki_content/m03-overview-objectives-and-activity-list.html">
      <file href="wiki_content/m03-overview-objectives-and-activity-list.html"/>
    </resource>
    <resource identifier="g86e8db213f2d050f79be6bc8b3a04849" type="webcontent" href="wiki_content/m02-overview-objectives-and-activity-list.html">
      <file href="wiki_content/m02-overview-objectives-and-activity-list.html"/>
    </resource>
    <resource identifier="g751b57594a572d732f7206f57e070add" type="webcontent" href="wiki_content/m04-learning-resources.html">
      <file href="wiki_content/m04-learning-resources.html"/>
    </resource>
    <resource identifier="g3b2c4aa2a51d110b445262c9c6097fca" type="webcontent" href="wiki_content/about-the-course.html">
      <file href="wiki_content/about-the-course.html"/>
    </resource>
    <resource identifier="g4be49ca0878e668b14be1d732ab74587" type="webcontent" href="wiki_content/discussion-netiquette-and-tips.html">
      <file href="wiki_content/discussion-netiquette-and-tips.html"/>
    </resource>
    <resource identifier="g1fed17b88b939cadaf042343fe8ba210" type="webcontent" href="wiki_content/about-training.html">
      <file href="wiki_content/about-training.html"/>
    </resource>
    <resource identifier="g8661b311c18dd4adb30af274e4d6ceb3" type="webcontent" href="wiki_content/m01-learning-resources.html">
      <file href="wiki_content/m01-learning-resources.html"/>
    </resource>
    <resource identifier="gcb73a7bca7144d9502eb16d1f49be911" type="webcontent" href="wiki_content/learning-outcomes.html">
      <file href="wiki_content/learning-outcomes.html"/>
    </resource>
    <resource identifier="gba1aec712a1926593f565494a6553bad" type="assignment_xmlv1p0" href="gba1aec712a1926593f565494a6553bad/assignment.xml">
      <file href="gba1aec712a1926593f565494a6553bad/assignment.xml"/>
    </resource>
    <resource identifier="gba1aec712a1926593f565494a6553bad_fallback" type="webcontent">
      <cpx:variant identifier="gba1aec712a1926593f565494a6553bad_variant" identifierref="gba1aec712a1926593f565494a6553bad">
        <cpx:metadata/>
      </cpx:variant>
      <file href="gba1aec712a1926593f565494a6553bad/m02-submit-analysis-assignment.html"/>
    </resource>
    <resource identifier="g779e9ce7744b383318af4d61dc7ab065" type="assignment_xmlv1p0" href="g779e9ce7744b383318af4d61dc7ab065/assignment.xml">
      <file href="g779e9ce7744b383318af4d61dc7ab065/assignment.xml"/>
    </resource>
    <resource identifier="g779e9ce7744b383318af4d61dc7ab065_fallback" type="webcontent">
      <cpx:variant identifier="g779e9ce7744b383318af4d61dc7ab065_variant" identifierref="g779e9ce7744b383318af4d61dc7ab065">
        <cpx:metadata/>
      </cpx:variant>
      <file href="g779e9ce7744b383318af4d61dc7ab065/m03-submit-data-conversation-assignment.html"/>
    </resource>
    <resource identifier="g7a8ba7a6553adc9ef7127c65716be381" type="assignment_xmlv1p0" href="g7a8ba7a6553adc9ef7127c65716be381/assignment.xml">
      <file href="g7a8ba7a6553adc9ef7127c65716be381/assignment.xml"/>
    </resource>
    <resource identifier="g7a8ba7a6553adc9ef7127c65716be381_fallback" type="webcontent">
      <cpx:variant identifier="g7a8ba7a6553adc9ef7127c65716be381_variant" identifierref="g7a8ba7a6553adc9ef7127c65716be381">
        <cpx:metadata/>
      </cpx:variant>
      <file href="g7a8ba7a6553adc9ef7127c65716be381/m04-submit-data-coach-capstone-project.html"/>
    </resource>
    <resource identifier="gaf824a317177b3e00b34e4b39daf07e8" type="imsdt_xmlv1p1">
      <file href="gaf824a317177b3e00b34e4b39daf07e8.xml"/>
      <dependency identifierref="g2ccadc01b85f7ae0576ea659a96636d7"/>
    </resource>
    <resource identifier="g2ccadc01b85f7ae0576ea659a96636d7" type="associatedcontent/imscc_xmlv1p1/learning-application-resource" href="g2ccadc01b85f7ae0576ea659a96636d7.xml">
      <file href="g2ccadc01b85f7ae0576ea659a96636d7.xml"/>
    </resource>
    <resource identifier="g7f33123b12c54b7f8cc78ec68ed75d9b" type="imsdt_xmlv1p1">
      <file href="g7f33123b12c54b7f8cc78ec68ed75d9b.xml"/>
      <dependency identifierref="g241e66b8e59389a458c3e832270018ab"/>
    </resource>
    <resource identifier="g241e66b8e59389a458c3e832270018ab" type="associatedcontent/imscc_xmlv1p1/learning-application-resource" href="g241e66b8e59389a458c3e832270018ab.xml">
      <file href="g241e66b8e59389a458c3e832270018ab.xml"/>
    </resource>
    <resource identifier="g71ef837406da222261a9eb96f3ead0b1" type="imsdt_xmlv1p1">
      <file href="g71ef837406da222261a9eb96f3ead0b1.xml"/>
      <dependency identifierref="g0f7c8a5da38d4dd6c6b6bcd3dbca47c7"/>
    </resource>
    <resource identifier="g0f7c8a5da38d4dd6c6b6bcd3dbca47c7" type="associatedcontent/imscc_xmlv1p1/learning-application-resource" href="g0f7c8a5da38d4dd6c6b6bcd3dbca47c7.xml">
      <file href="g0f7c8a5da38d4dd6c6b6bcd3dbca47c7.xml"/>
    </resource>
    <resource identifier="g5f1fb8e76f4c1e3449ff6d7522b98bd2" type="imsdt_xmlv1p1">
      <file href="g5f1fb8e76f4c1e3449ff6d7522b98bd2.xml"/>
      <dependency identifierref="ge232b4d84da25b0d88712d9dd73b546d"/>
    </resource>
    <resource identifier="ge232b4d84da25b0d88712d9dd73b546d" type="associatedcontent/imscc_xmlv1p1/learning-application-resource" href="ge232b4d84da25b0d88712d9dd73b546d.xml">
      <file href="ge232b4d84da25b0d88712d9dd73b546d.xml"/>
    </resource>
    <resource identifier="ga7a9113b928b79a96b9c957057b4be4f" type="imsdt_xmlv1p1">
      <file href="ga7a9113b928b79a96b9c957057b4be4f.xml"/>
      <dependency identifierref="g6800a6b3f0003f48cae47e3e04db28ec"/>
    </resource>
    <resource identifier="g6800a6b3f0003f48cae47e3e04db28ec" type="associatedcontent/imscc_xmlv1p1/learning-application-resource" href="g6800a6b3f0003f48cae47e3e04db28ec.xml">
      <file href="g6800a6b3f0003f48cae47e3e04db28ec.xml"/>
    </resource>
    <resource identifier="g2794fbae393e0bfcfd63b611145f6320" type="imsdt_xmlv1p1">
      <file href="g2794fbae393e0bfcfd63b611145f6320.xml"/>
      <dependency identifierref="gd4217d9f30f569773763380aef1ca7c7"/>
    </resource>
    <resource identifier="gd4217d9f30f569773763380aef1ca7c7" type="associatedcontent/imscc_xmlv1p1/learning-application-resource" href="gd4217d9f30f569773763380aef1ca7c7.xml">
      <file href="gd4217d9f30f569773763380aef1ca7c7.xml"/>
    </resource>
    <resource identifier="g661505da9508d767e00150d72fd8476e" type="associatedcontent/imscc_xmlv1p1/learning-application-resource" href="non_cc_assessments/g661505da9508d767e00150d72fd8476e.xml.qti">
      <file href="non_cc_assessments/g661505da9508d767e00150d72fd8476e.xml.qti"/>
    </resource>
    <resource identifier="g9768107a633e7ca973815b10a9508e28" type="associatedcontent/imscc_xmlv1p1/learning-application-resource" href="non_cc_assessments/g9768107a633e7ca973815b10a9508e28.xml.qti">
      <file href="non_cc_assessments/g9768107a633e7ca973815b10a9508e28.xml.qti"/>
    </resource>
    <resource identifier="g8d017572b0e0e7ddff58ff3167e55da1" type="associatedcontent/imscc_xmlv1p1/learning-application-resource" href="non_cc_assessments/g8d017572b0e0e7ddff58ff3167e55da1.xml.qti">
      <file href="non_cc_assessments/g8d017572b0e0e7ddff58ff3167e55da1.xml.qti"/>
    </resource>
    <resource identifier="g8f457882dc1742f6babe54d5346f5a3e" type="associatedcontent/imscc_xmlv1p1/learning-application-resource" href="non_cc_assessments/g8f457882dc1742f6babe54d5346f5a3e.xml.qti">
      <file href="non_cc_assessments/g8f457882dc1742f6babe54d5346f5a3e.xml.qti"/>
    </resource>
    <resource identifier="g5edb1010257107ca55ced8a4cdfd0c8f" type="imsqti_xmlv1p2/imscc_xmlv1p1/assessment">
      <file href="g5edb1010257107ca55ced8a4cdfd0c8f/assessment_qti.xml"/>
      <dependency identifierref="g87a4eaad214582a4c5462135e66e4298"/>
    </resource>
    <resource identifier="g87a4eaad214582a4c5462135e66e4298" type="associatedcontent/imscc_xmlv1p1/learning-application-resource" href="g5edb1010257107ca55ced8a4cdfd0c8f/assessment_meta.xml">
      <file href="g5edb1010257107ca55ced8a4cdfd0c8f/assessment_meta.xml"/>
      <file href="non_cc_assessments/g5edb1010257107ca55ced8a4cdfd0c8f.xml.qti"/>
    </resource>
    <resource identifier="gb0a79610f37343681dd3f3dfa375fda4" type="imsqti_xmlv1p2/imscc_xmlv1p1/assessment">
      <file href="gb0a79610f37343681dd3f3dfa375fda4/assessment_qti.xml"/>
      <dependency identifierref="ga4d5a383765ac4d924a6eb1b98dd5024"/>
    </resource>
    <resource identifier="ga4d5a383765ac4d924a6eb1b98dd5024" type="associatedcontent/imscc_xmlv1p1/learning-application-resource" href="gb0a79610f37343681dd3f3dfa375fda4/assessment_meta.xml">
      <file href="gb0a79610f37343681dd3f3dfa375fda4/assessment_meta.xml"/>
      <file href="non_cc_assessments/gb0a79610f37343681dd3f3dfa375fda4.xml.qti"/>
    </resource>
    <resource identifier="g8a0059aefb4c4581bb2ef4b71a65b91d" type="imsqti_xmlv1p2/imscc_xmlv1p1/assessment">
      <file href="g8a0059aefb4c4581bb2ef4b71a65b91d/assessment_qti.xml"/>
      <dependency identifierref="g68f45af15f4f34ebe0ae193621e2b5d1"/>
    </resource>
    <resource identifier="g68f45af15f4f34ebe0ae193621e2b5d1" type="associatedcontent/imscc_xmlv1p1/learning-application-resource" href="g8a0059aefb4c4581bb2ef4b71a65b91d/assessment_meta.xml">
      <file href="g8a0059aefb4c4581bb2ef4b71a65b91d/assessment_meta.xml"/>
      <file href="non_cc_assessments/g8a0059aefb4c4581bb2ef4b71a65b91d.xml.qti"/>
    </resource>
    <resource identifier="g75df3c6f52526e5201b462ea59672014" type="imsqti_xmlv1p2/imscc_xmlv1p1/assessment">
      <file href="g75df3c6f52526e5201b462ea59672014/assessment_qti.xml"/>
      <dependency identifierref="gc0e289ea23eade860804cda57b25265c"/>
    </resource>
    <resource identifier="gc0e289ea23eade860804cda57b25265c" type="associatedcontent/imscc_xmlv1p1/learning-application-resource" href="g75df3c6f52526e5201b462ea59672014/assessment_meta.xml">
      <file href="g75df3c6f52526e5201b462ea59672014/assessment_meta.xml"/>
      <file href="non_cc_assessments/g75df3c6f52526e5201b462ea59672014.xml.qti"/>
    </resource>
    <resource type="webcontent" identifier="g24ae4142153d9a8f22eb6ba1f83ebc59" href="web_resources/Analysis Assignment.docx">
      <file href="web_resources/Analysis Assignment.docx"/>
    </resource>
    <resource type="webcontent" identifier="g766c3993dc85ccfef1130cd199a63868" href="web_resources/Data Conversation Assignment.docx">
      <file href="web_resources/Data Conversation Assignment.docx"/>
    </resource>
    <resource type="webcontent" identifier="g4e6e68bbff484cffee1ebb6ac80f73df" href="web_resources/Mod 02 Analysis Assignment.docx">
      <file href="web_resources/Mod 02 Analysis Assignment.docx"/>
    </resource>
    <resource type="webcontent" identifier="g097945ca634e46139efb74fdff898b0f" href="web_resources/Mod 03 Data Conversation Assignment.docx">
      <file href="web_resources/Mod 03 Data Conversation Assignment.docx"/>
    </resource>
    <resource type="webcontent" identifier="gfd5b3e9b4fe6e88291d416f2554d778b" href="web_resources/Zentner.jpg">
      <file href="web_resources/Zentner.jpg"/>
    </resource>
    <resource type="webcontent" identifier="gbbd09d08b241f283b222f6540837c776" href="web_resources/course_image/business-camera-coffee-1391374.jpg">
      <file href="web_resources/course_image/business-camera-coffee-1391374.jpg"/>
    </resource>
  </resources>
</manifest>
